ID,len,age
1,37,NA
2,37,NA
3,39,NA
4,37,NA
5,37,4
6,35,4
7,42,NA
8,42,NA
9,42,NA
10,44,NA
11,44,NA
12,43,NA
13,42,NA
14,40,NA
15,43,NA
16,43,NA
17,43,NA
18,41,NA
19,42,NA
20,42,NA
21,42,4
22,43,NA
23,41,NA
24,41,NA
25,44,NA
26,40,NA
27,43,NA
28,42,NA
29,41,NA
30,43,NA
31,44,NA
32,43,4
33,40,NA
34,44,NA
35,41,NA
36,43,NA
37,41,NA
38,40,NA
39,43,NA
40,40,4
41,43,NA
42,43,NA
43,42,NA
44,42,NA
45,40,NA
46,41,NA
47,43,NA
48,41,NA
49,43,NA
50,44,NA
51,41,NA
52,42,NA
53,41,NA
54,41,NA
55,43,NA
56,43,NA
57,41,4
58,41,NA
59,44,4
60,43,NA
61,41,NA
62,42,NA
63,44,NA
64,43,NA
65,43,NA
66,43,NA
67,41,NA
68,48,NA
69,48,NA
70,46,4
71,45,NA
72,46,NA
73,48,NA
74,46,NA
75,48,NA
76,47,NA
77,45,NA
78,48,NA
79,49,NA
80,49,NA
81,48,NA
82,48,NA
83,45,NA
84,48,NA
85,48,NA
86,49,NA
87,46,NA
88,49,NA
89,46,NA
90,46,NA
91,49,NA
92,45,NA
93,47,NA
94,45,4
95,47,NA
96,49,NA
97,46,NA
98,45,NA
99,46,NA
100,49,NA
101,46,NA
102,48,NA
103,46,NA
104,47,NA
105,48,NA
106,47,NA
107,46,NA
108,47,NA
109,45,NA
110,47,NA
111,46,NA
112,46,NA
113,48,NA
114,47,NA
115,49,NA
116,48,NA
117,47,4
118,47,NA
119,47,NA
120,46,NA
121,48,NA
122,47,NA
123,48,NA
124,46,NA
125,48,NA
126,46,NA
127,48,NA
128,47,NA
129,48,NA
130,46,NA
131,47,NA
132,48,NA
133,49,NA
134,48,NA
135,46,NA
136,48,NA
137,47,NA
138,45,NA
139,46,NA
140,48,NA
141,49,NA
142,47,NA
143,48,NA
144,46,NA
145,45,NA
146,48,NA
147,47,NA
148,46,NA
149,46,4
150,46,NA
151,47,4
152,48,NA
153,47,NA
154,46,NA
155,47,NA
156,48,NA
157,46,NA
158,47,NA
159,48,NA
160,48,NA
161,45,NA
162,45,NA
163,45,NA
164,47,NA
165,47,NA
166,48,NA
167,47,NA
168,47,NA
169,46,NA
170,47,NA
171,46,NA
172,47,NA
173,48,NA
174,47,NA
175,45,NA
176,47,NA
177,47,NA
178,48,4
179,47,NA
180,46,NA
181,49,NA
182,47,NA
183,45,NA
184,48,NA
185,48,NA
186,47,NA
187,45,NA
188,48,NA
189,49,NA
190,48,NA
191,48,4
192,46,NA
193,47,NA
194,46,NA
195,47,NA
196,47,4
197,49,4
198,48,NA
199,47,NA
200,46,NA
201,45,NA
202,47,NA
203,49,NA
204,49,NA
205,48,4
206,47,NA
207,46,NA
208,46,NA
209,47,NA
210,46,NA
211,47,NA
212,46,NA
213,45,NA
214,48,4
215,48,NA
216,48,NA
217,47,NA
218,47,NA
219,48,NA
220,47,NA
221,47,NA
222,48,NA
223,48,NA
224,46,NA
225,48,NA
226,45,NA
227,47,NA
228,49,NA
229,46,NA
230,46,NA
231,48,4
232,49,NA
233,48,4
234,47,NA
235,46,NA
236,46,NA
237,48,4
238,47,NA
239,46,NA
240,48,NA
241,49,NA
242,47,NA
243,48,NA
244,48,NA
245,45,NA
246,47,NA
247,48,NA
248,48,NA
249,47,NA
250,46,NA
251,47,NA
252,47,NA
253,46,NA
254,45,NA
255,47,NA
256,48,NA
257,47,4
258,47,NA
259,49,4
260,46,NA
261,48,NA
262,47,NA
263,49,NA
264,46,NA
265,48,NA
266,48,NA
267,47,NA
268,46,4
269,47,NA
270,48,NA
271,47,NA
272,47,NA
273,47,NA
274,45,NA
275,49,NA
276,46,4
277,46,NA
278,45,NA
279,48,NA
280,47,NA
281,49,NA
282,48,NA
283,46,NA
284,45,NA
285,48,NA
286,45,NA
287,46,NA
288,48,4
289,49,NA
290,46,NA
291,48,NA
292,45,NA
293,46,NA
294,47,NA
295,46,NA
296,45,NA
297,46,NA
298,47,NA
299,49,NA
300,46,NA
301,48,NA
302,45,NA
303,45,NA
304,49,NA
305,48,NA
306,46,NA
307,49,4
308,45,NA
309,46,NA
310,53,NA
311,52,NA
312,52,NA
313,51,NA
314,50,NA
315,54,NA
316,52,NA
317,53,NA
318,52,4
319,50,NA
320,52,NA
321,50,NA
322,52,NA
323,51,NA
324,53,NA
325,51,NA
326,52,NA
327,52,NA
328,52,NA
329,52,NA
330,54,NA
331,52,NA
332,52,NA
333,53,NA
334,54,NA
335,52,NA
336,53,NA
337,51,NA
338,51,NA
339,50,NA
340,52,NA
341,53,NA
342,51,NA
343,53,4
344,52,NA
345,51,4
346,51,NA
347,52,NA
348,53,NA
349,52,NA
350,51,NA
351,53,4
352,51,NA
353,52,NA
354,51,NA
355,53,NA
356,54,NA
357,51,NA
358,52,NA
359,52,NA
360,52,NA
361,51,4
362,51,NA
363,50,NA
364,53,NA
365,53,NA
366,52,4
367,53,NA
368,51,NA
369,53,NA
370,51,NA
371,50,NA
372,51,NA
373,51,NA
374,51,NA
375,53,NA
376,54,NA
377,52,NA
378,54,NA
379,52,NA
380,51,NA
381,52,NA
382,53,NA
383,51,NA
384,52,NA
385,51,NA
386,51,NA
387,53,NA
388,50,NA
389,51,NA
390,53,NA
391,52,NA
392,52,NA
393,52,NA
394,54,NA
395,54,NA
396,53,4
397,51,NA
398,52,NA
399,52,NA
400,50,4
401,52,NA
402,53,NA
403,52,NA
404,54,NA
405,53,NA
406,52,NA
407,54,NA
408,54,NA
409,50,NA
410,53,NA
411,51,NA
412,52,NA
413,51,NA
414,50,NA
415,52,NA
416,51,4
417,52,NA
418,52,NA
419,53,NA
420,51,NA
421,51,NA
422,53,NA
423,54,NA
424,53,NA
425,51,NA
426,53,4
427,53,NA
428,51,NA
429,52,NA
430,51,NA
431,54,NA
432,53,NA
433,54,NA
434,54,NA
435,53,NA
436,53,NA
437,53,NA
438,52,NA
439,50,4
440,53,NA
441,52,NA
442,52,NA
443,52,NA
444,53,NA
445,54,NA
446,51,NA
447,51,NA
448,54,NA
449,52,NA
450,50,NA
451,51,NA
452,53,NA
453,54,NA
454,52,NA
455,51,NA
456,54,NA
457,52,NA
458,54,NA
459,52,NA
460,53,NA
461,53,NA
462,52,NA
463,54,NA
464,51,NA
465,52,NA
466,53,NA
467,50,NA
468,52,4
469,52,NA
470,51,NA
471,51,NA
472,52,NA
473,52,NA
474,51,NA
475,52,NA
476,52,NA
477,52,NA
478,51,NA
479,51,NA
480,54,NA
481,51,4
482,53,NA
483,54,NA
484,51,NA
485,51,4
486,51,NA
487,52,NA
488,51,NA
489,52,NA
490,53,NA
491,53,NA
492,53,NA
493,52,NA
494,51,NA
495,54,NA
496,53,NA
497,53,NA
498,51,NA
499,52,NA
500,53,NA
501,52,NA
502,50,NA
503,52,NA
504,52,NA
505,52,NA
506,51,NA
507,51,NA
508,53,NA
509,52,NA
510,51,NA
511,51,NA
512,50,NA
513,53,NA
514,53,4
515,52,NA
516,54,NA
517,54,NA
518,53,NA
519,54,NA
520,54,4
521,52,NA
522,53,NA
523,51,NA
524,51,NA
525,53,NA
526,52,NA
527,52,NA
528,51,NA
529,51,NA
530,50,4
531,53,NA
532,51,NA
533,52,NA
534,51,NA
535,51,NA
536,54,NA
537,52,NA
538,52,NA
539,51,NA
540,52,NA
541,54,NA
542,52,NA
543,52,NA
544,51,NA
545,50,NA
546,52,NA
547,54,NA
548,53,NA
549,54,NA
550,53,NA
551,53,NA
552,51,NA
553,53,NA
554,50,NA
555,54,NA
556,53,NA
557,52,NA
558,51,4
559,52,NA
560,51,4
561,51,NA
562,50,NA
563,50,NA
564,51,NA
565,52,NA
566,52,NA
567,53,NA
568,51,NA
569,53,NA
570,54,NA
571,54,NA
572,51,NA
573,53,NA
574,53,NA
575,51,NA
576,52,NA
577,53,NA
578,53,NA
579,52,NA
580,53,NA
581,52,4
582,53,NA
583,51,NA
584,54,NA
585,51,4
586,50,NA
587,52,NA
588,51,4
589,52,NA
590,53,NA
591,53,NA
592,54,NA
593,51,NA
594,50,NA
595,51,NA
596,54,NA
597,51,NA
598,51,NA
599,52,NA
600,52,NA
601,53,4
602,53,NA
603,54,NA
604,53,NA
605,54,NA
606,51,NA
607,51,4
608,53,NA
609,52,NA
610,54,4
611,54,NA
612,51,NA
613,52,NA
614,52,NA
615,52,NA
616,53,NA
617,51,NA
618,50,NA
619,51,NA
620,52,NA
621,51,NA
622,50,NA
623,51,NA
624,50,NA
625,51,NA
626,53,NA
627,52,NA
628,54,NA
629,52,NA
630,51,NA
631,52,NA
632,53,4
633,51,NA
634,53,4
635,53,NA
636,50,NA
637,52,NA
638,54,NA
639,53,NA
640,53,4
641,53,NA
642,50,NA
643,52,NA
644,54,NA
645,51,4
646,53,NA
647,54,NA
648,51,NA
649,53,NA
650,54,NA
651,52,NA
652,53,NA
653,51,NA
654,52,NA
655,51,NA
656,51,NA
657,52,NA
658,52,NA
659,51,NA
660,52,NA
661,51,NA
662,51,NA
663,50,NA
664,53,NA
665,52,NA
666,50,NA
667,54,NA
668,52,NA
669,53,NA
670,51,NA
671,52,NA
672,52,NA
673,52,4
674,52,NA
675,53,NA
676,53,4
677,51,NA
678,52,NA
679,50,NA
680,52,NA
681,52,4
682,53,NA
683,51,NA
684,50,NA
685,51,NA
686,50,NA
687,51,NA
688,53,NA
689,53,NA
690,51,NA
691,50,NA
692,54,NA
693,65,NA
694,65,NA
695,68,NA
696,68,NA
697,66,NA
698,68,NA
699,63,NA
700,63,NA
701,63,NA
702,60,NA
703,62,NA
704,61,NA
705,61,NA
706,64,NA
707,60,NA
708,61,NA
709,60,NA
710,62,NA
711,63,NA
712,61,NA
713,61,NA
714,63,NA
715,63,NA
716,62,NA
717,61,NA
718,61,NA
719,63,NA
720,63,4
721,63,NA
722,62,NA
723,60,NA
724,62,NA
725,63,NA
726,64,NA
727,60,NA
728,62,NA
729,63,NA
730,63,NA
731,60,NA
732,63,NA
733,61,NA
734,61,NA
735,64,NA
736,63,NA
737,62,NA
738,63,NA
739,63,NA
740,63,NA
741,63,NA
742,60,NA
743,63,NA
744,63,NA
745,62,NA
746,63,NA
747,61,NA
748,63,NA
749,64,NA
750,61,4
751,64,NA
752,60,NA
753,62,NA
754,64,4
755,64,NA
756,63,NA
757,61,NA
758,60,NA
759,61,NA
760,58,4
761,56,NA
762,56,NA
763,58,4
764,56,4
765,57,NA
766,55,NA
767,58,NA
768,56,NA
769,55,NA
770,58,NA
771,57,NA
772,59,NA
773,56,NA
774,55,NA
775,55,NA
776,57,NA
777,58,NA
778,57,NA
779,58,NA
780,58,NA
781,56,NA
782,58,NA
783,55,NA
784,58,NA
785,57,4
786,58,NA
787,57,NA
788,57,NA
789,58,NA
790,56,NA
791,56,NA
792,55,NA
793,58,NA
794,59,NA
795,57,NA
796,56,NA
797,56,4
798,59,NA
799,57,NA
800,55,NA
801,56,NA
802,56,NA
803,56,4
804,57,NA
805,56,NA
806,58,NA
807,58,NA
808,56,4
809,59,NA
810,58,NA
811,58,NA
812,56,NA
813,56,NA
814,56,NA
815,59,NA
816,57,NA
817,58,NA
818,57,NA
819,57,NA
820,58,NA
821,56,NA
822,57,NA
823,56,NA
824,59,NA
825,58,NA
826,59,NA
827,56,NA
828,57,NA
829,56,NA
830,56,NA
831,56,NA
832,57,NA
833,57,NA
834,55,NA
835,55,NA
836,56,NA
837,57,NA
838,57,NA
839,58,NA
840,57,NA
841,57,NA
842,56,NA
843,59,NA
844,58,NA
845,58,NA
846,59,NA
847,58,NA
848,56,NA
849,58,NA
850,59,4
851,56,NA
852,57,4
853,56,NA
854,59,NA
855,56,NA
856,55,NA
857,57,NA
858,56,NA
859,58,NA
860,58,NA
861,57,NA
862,57,NA
863,56,NA
864,55,4
865,56,NA
866,56,NA
867,55,NA
868,59,NA
869,59,4
870,57,4
871,55,NA
872,59,4
873,58,NA
874,56,NA
875,57,NA
876,57,NA
877,59,NA
878,58,NA
879,57,NA
880,58,NA
881,57,NA
882,57,NA
883,56,NA
884,58,NA
885,59,NA
886,57,NA
887,57,NA
888,59,NA
889,57,NA
890,55,NA
891,56,NA
892,55,NA
893,59,4
894,59,4
895,57,NA
896,57,NA
897,56,NA
898,58,NA
899,58,4
900,57,NA
901,56,NA
902,59,NA
903,55,NA
904,56,4
905,57,4
906,59,NA
907,58,NA
908,58,NA
909,57,NA
910,57,NA
911,57,NA
912,59,NA
913,57,NA
914,56,NA
915,56,NA
916,58,NA
917,56,NA
918,57,NA
919,55,NA
920,55,NA
921,56,NA
922,58,NA
923,58,NA
924,57,NA
925,58,NA
926,57,NA
927,55,NA
928,58,NA
929,56,NA
930,56,NA
931,55,NA
932,56,NA
933,58,NA
934,57,NA
935,59,NA
936,58,NA
937,58,NA
938,56,NA
939,56,NA
940,57,NA
941,59,NA
942,59,NA
943,56,NA
944,59,NA
945,56,NA
946,55,NA
947,56,4
948,56,NA
949,59,NA
950,58,NA
951,57,NA
952,58,NA
953,55,NA
954,58,NA
955,56,NA
956,57,4
957,58,NA
958,55,NA
959,58,NA
960,59,NA
961,55,NA
962,56,NA
963,56,NA
964,58,NA
965,56,NA
966,59,NA
967,55,NA
968,57,NA
969,58,4
970,58,NA
971,57,NA
972,56,NA
973,58,NA
974,56,NA
975,58,NA
976,58,NA
977,58,NA
978,58,4
979,58,NA
980,57,NA
981,55,NA
982,56,NA
983,57,NA
984,59,NA
985,56,NA
986,55,4
987,58,NA
988,56,NA
989,56,NA
990,57,NA
991,56,NA
992,59,NA
993,56,NA
994,59,NA
995,58,NA
996,59,NA
997,58,NA
998,57,NA
999,58,NA
1000,58,NA
1001,56,NA
1002,59,NA
1003,58,NA
1004,63,NA
1005,62,5
1006,61,NA
1007,60,5
1008,62,NA
1009,60,NA
1010,63,NA
1011,60,NA
1012,62,NA
1013,62,NA
1014,63,NA
1015,61,NA
1016,63,NA
1017,62,NA
1018,62,NA
1019,63,NA
1020,60,NA
1021,63,NA
1022,61,NA
1023,63,NA
1024,63,NA
1025,60,NA
1026,64,NA
1027,68,NA
1028,65,NA
1029,67,NA
1030,68,NA
1031,66,NA
1032,66,NA
1033,67,5
1034,69,NA
1035,67,NA
1036,65,NA
1037,68,NA
1038,68,NA
1039,67,NA
1040,68,NA
1041,67,NA
1042,68,NA
1043,65,NA
1044,67,NA
1045,66,NA
1046,67,5
1047,65,5
1048,66,NA
1049,67,NA
1050,67,NA
1051,66,NA
1052,65,NA
1053,69,NA
1054,68,NA
1055,67,NA
1056,65,NA
1057,66,NA
1058,66,NA
1059,68,NA
1060,65,NA
1061,69,NA
1062,66,NA
1063,68,NA
1064,68,NA
1065,66,NA
1066,67,NA
1067,67,NA
1068,66,NA
1069,66,NA
1070,68,NA
1071,67,NA
1072,68,5
1073,68,NA
1074,65,NA
1075,65,NA
1076,67,5
1077,67,NA
1078,69,NA
1079,66,NA
1080,69,NA
1081,65,NA
1082,68,NA
1083,67,NA
1084,67,NA
1085,68,NA
1086,66,NA
1087,68,NA
1088,66,NA
1089,65,NA
1090,67,5
1091,68,NA
1092,68,NA
1093,68,NA
1094,68,NA
1095,68,NA
1096,66,NA
1097,67,NA
1098,68,NA
1099,69,NA
1100,67,NA
1101,66,NA
1102,68,NA
1103,66,NA
1104,66,NA
1105,65,NA
1106,66,NA
1107,66,NA
1108,66,5
1109,69,5
1110,67,NA
1111,66,NA
1112,67,NA
1113,66,NA
1114,68,NA
1115,68,NA
1116,67,NA
1117,67,NA
1118,72,5
1119,72,NA
1120,73,NA
1121,73,NA
1122,74,5
1123,73,NA
1124,73,NA
1125,71,NA
1126,74,NA
1127,73,NA
1128,70,NA
1129,72,NA
1130,70,NA
1131,72,NA
1132,73,NA
1133,73,5
1134,73,NA
1135,73,NA
1136,72,NA
1137,74,5
1138,72,NA
1139,73,NA
1140,74,NA
1141,74,NA
1142,72,NA
1143,73,5
1144,71,NA
1145,73,NA
1146,73,NA
1147,71,NA
1148,74,NA
1149,73,NA
1150,74,NA
1151,72,NA
1152,71,NA
1153,72,NA
1154,73,NA
1155,73,NA
1156,72,NA
1157,74,NA
1158,70,NA
1159,71,NA
1160,74,NA
1161,71,NA
1162,73,NA
1163,73,NA
1164,73,NA
1165,74,NA
1166,73,NA
1167,72,NA
1168,70,NA
1169,70,NA
1170,73,5
1171,71,NA
1172,71,5
1173,73,NA
1174,74,NA
1175,72,NA
1176,71,NA
1177,71,NA
1178,72,NA
1179,70,NA
1180,72,NA
1181,70,NA
1182,71,NA
1183,73,NA
1184,73,NA
1185,71,NA
1186,73,NA
1187,72,NA
1188,70,NA
1189,74,NA
1190,72,NA
1191,71,NA
1192,73,5
1193,71,NA
1194,73,NA
1195,71,NA
1196,71,NA
1197,74,NA
1198,74,NA
1199,73,NA
1200,71,NA
1201,73,NA
1202,71,NA
1203,72,NA
1204,71,NA
1205,73,5
1206,73,NA
1207,74,NA
1208,73,NA
1209,73,5
1210,72,NA
1211,71,NA
1212,71,NA
1213,72,NA
1214,72,NA
1215,73,NA
1216,74,NA
1217,72,NA
1218,73,NA
1219,71,NA
1220,73,NA
1221,73,NA
1222,71,NA
1223,72,NA
1224,73,NA
1225,74,NA
1226,70,NA
1227,71,NA
1228,72,NA
1229,74,NA
1230,71,NA
1231,73,NA
1232,73,NA
1233,71,NA
1234,73,NA
1235,71,NA
1236,72,NA
1237,71,5
1238,72,NA
1239,73,NA
1240,72,NA
1241,73,NA
1242,71,NA
1243,73,NA
1244,72,NA
1245,70,NA
1246,72,NA
1247,72,NA
1248,72,NA
1249,72,NA
1250,73,NA
1251,74,NA
1252,71,NA
1253,71,5
1254,72,NA
1255,70,NA
1256,73,NA
1257,73,NA
1258,73,NA
1259,71,NA
1260,71,NA
1261,73,NA
1262,77,NA
1263,77,NA
1264,76,NA
1265,77,NA
1266,78,NA
1267,75,NA
1268,77,NA
1269,79,5
1270,76,NA
1271,76,NA
1272,78,NA
1273,76,NA
1274,77,5
1275,76,NA
1276,76,NA
1277,77,NA
1278,77,NA
1279,76,NA
1280,75,NA
1281,77,NA
1282,77,NA
1283,76,NA
1284,79,NA
1285,77,NA
1286,79,NA
1287,77,NA
1288,75,NA
1289,78,NA
1290,78,NA
1291,75,NA
1292,75,NA
1293,78,NA
1294,78,NA
1295,75,NA
1296,76,NA
1297,77,NA
1298,77,NA
1299,77,NA
1300,75,5
1301,78,NA
1302,76,NA
1303,79,NA
1304,79,NA
1305,77,NA
1306,79,5
1307,77,NA
1308,76,NA
1309,77,NA
1310,78,NA
1311,76,NA
1312,78,NA
1313,76,NA
1314,79,NA
1315,77,NA
1316,77,NA
1317,75,NA
1318,75,NA
1319,76,NA
1320,78,5
1321,76,5
1322,79,NA
1323,75,NA
1324,77,NA
1325,78,5
1326,77,NA
1327,77,NA
1328,75,NA
1329,78,NA
1330,76,NA
1331,76,NA
1332,78,NA
1333,78,NA
1334,76,NA
1335,77,NA
1336,79,NA
1337,78,5
1338,77,NA
1339,78,NA
1340,75,NA
1341,79,NA
1342,78,NA
1343,78,NA
1344,78,NA
1345,79,NA
1346,75,NA
1347,78,NA
1348,76,NA
1349,76,NA
1350,75,NA
1351,75,NA
1352,77,NA
1353,81,NA
1354,83,NA
1355,81,5
1356,81,NA
1357,82,NA
1358,84,NA
1359,84,NA
1360,83,NA
1361,81,NA
1362,83,NA
1363,81,NA
1364,81,NA
1365,83,NA
1366,84,NA
1367,81,NA
1368,82,NA
1369,82,NA
1370,81,NA
1371,82,NA
1372,84,5
1373,82,NA
1374,82,NA
1375,83,NA
1376,87,NA
1377,86,NA
1378,71,NA
1379,73,NA
1380,77,NA
1381,77,NA
1382,77,NA
1383,78,NA
1384,77,NA
1385,76,NA
1386,76,NA
1387,76,NA
1388,75,NA
1389,76,NA
1390,78,NA
1391,78,NA
1392,75,NA
1393,75,NA
1394,76,NA
1395,78,NA
1396,75,6
1397,83,NA
1398,82,NA
1399,80,NA
1400,81,NA
1401,84,NA
1402,82,NA
1403,82,NA
1404,81,NA
1405,83,6
1406,82,NA
1407,83,NA
1408,82,NA
1409,81,6
1410,83,NA
1411,84,NA
1412,82,NA
1413,81,NA
1414,83,NA
1415,83,NA
1416,84,NA
1417,80,NA
1418,81,NA
1419,83,NA
1420,82,NA
1421,83,NA
1422,83,NA
1423,83,NA
1424,82,NA
1425,80,NA
1426,81,NA
1427,84,NA
1428,82,NA
1429,83,NA
1430,81,NA
1431,83,NA
1432,84,NA
1433,82,NA
1434,82,NA
1435,83,NA
1436,80,NA
1437,83,NA
1438,82,NA
1439,82,NA
1440,84,NA
1441,84,NA
1442,84,NA
1443,82,NA
1444,81,NA
1445,81,6
1446,81,NA
1447,81,NA
1448,84,NA
1449,82,NA
1450,83,NA
1451,82,6
1452,82,6
1453,82,NA
1454,83,NA
1455,81,NA
1456,83,6
1457,82,NA
1458,81,NA
1459,81,NA
1460,81,NA
1461,80,NA
1462,83,NA
1463,83,NA
1464,84,NA
1465,89,NA
1466,85,NA
1467,89,NA
1468,89,NA
1469,88,NA
1470,87,NA
1471,85,NA
1472,85,NA
1473,87,NA
1474,89,NA
1475,88,NA
1476,85,NA
1477,86,NA
1478,88,NA
1479,87,NA
1480,85,6
1481,86,NA
1482,88,NA
1483,87,NA
1484,87,NA
1485,88,NA
1486,87,6
1487,88,NA
1488,87,NA
1489,89,NA
1490,89,NA
1491,89,NA
1492,86,NA
1493,86,NA
1494,86,NA
1495,89,NA
1496,89,NA
1497,85,NA
1498,85,NA
1499,88,NA
1500,86,NA
1501,88,NA
1502,87,NA
1503,88,NA
1504,86,NA
1505,89,NA
1506,87,NA
1507,86,NA
1508,86,NA
1509,86,NA
1510,86,NA
1511,85,6
1512,85,NA
1513,88,NA
1514,87,NA
1515,89,NA
1516,87,NA
1517,86,NA
1518,88,NA
1519,87,NA
1520,89,NA
1521,88,NA
1522,86,NA
1523,88,NA
1524,89,NA
1525,86,NA
1526,87,NA
1527,85,NA
1528,86,NA
1529,88,NA
1530,88,NA
1531,88,6
1532,87,NA
1533,86,NA
1534,86,NA
1535,86,NA
1536,86,NA
1537,88,6
1538,88,6
1539,88,NA
1540,87,NA
1541,88,NA
1542,89,6
1543,86,NA
1544,87,NA
1545,88,NA
1546,86,NA
1547,87,NA
1548,89,NA
1549,88,NA
1550,85,NA
1551,87,NA
1552,89,NA
1553,88,6
1554,87,NA
1555,88,NA
1556,86,NA
1557,87,6
1558,89,NA
1559,89,NA
1560,88,NA
1561,88,NA
1562,86,NA
1563,87,NA
1564,86,6
1565,89,NA
1566,88,NA
1567,89,NA
1568,87,NA
1569,87,NA
1570,88,NA
1571,85,NA
1572,86,NA
1573,93,NA
1574,93,NA
1575,94,NA
1576,94,NA
1577,93,NA
1578,92,NA
1579,91,NA
1580,93,NA
1581,90,NA
1582,90,NA
1583,94,NA
1584,92,NA
1585,92,NA
1586,93,NA
1587,93,NA
1588,92,NA
1589,94,6
1590,91,NA
1591,93,NA
1592,91,NA
1593,94,NA
1594,91,NA
1595,91,NA
1596,93,NA
1597,94,6
1598,91,NA
1599,93,NA
1600,92,NA
1601,93,NA
1602,91,NA
1603,91,NA
1604,92,NA
1605,90,NA
1606,93,NA
1607,93,NA
1608,94,NA
1609,92,NA
1610,91,NA
1611,93,NA
1612,93,NA
1613,92,NA
1614,91,NA
1615,91,NA
1616,91,NA
1617,90,6
1618,93,NA
1619,91,NA
1620,92,NA
1621,90,6
1622,94,NA
1623,90,NA
1624,94,NA
1625,92,NA
1626,93,NA
1627,91,NA
1628,90,NA
1629,92,NA
1630,91,NA
1631,90,NA
1632,91,6
1633,93,NA
1634,93,NA
1635,91,NA
1636,90,NA
1637,94,NA
1638,93,NA
1639,92,NA
1640,93,NA
1641,97,NA
1642,96,NA
1643,98,NA
1644,96,NA
1645,97,6
1646,98,NA
1647,96,NA
1648,96,NA
1649,98,NA
1650,96,NA
1651,96,NA
1652,99,NA
1653,99,NA
1654,99,NA
1655,97,NA
1656,98,NA
1657,96,NA
1658,104,NA
1659,104,NA
1660,82,NA
1661,82,NA
1662,82,NA
1663,89,NA
1664,88,NA
1665,89,NA
1666,89,NA
1667,88,NA
1668,86,NA
1669,87,NA
1670,85,NA
1671,86,NA
1672,86,NA
1673,85,NA
1674,88,NA
1675,86,NA
1676,87,NA
1677,87,NA
1678,86,NA
1679,85,NA
1680,87,7
1681,86,NA
1682,88,NA
1683,86,NA
1684,86,NA
1685,86,NA
1686,87,NA
1687,87,NA
1688,88,NA
1689,91,NA
1690,91,NA
1691,91,NA
1692,91,NA
1693,94,NA
1694,93,NA
1695,90,NA
1696,93,NA
1697,92,NA
1698,92,NA
1699,92,NA
1700,91,NA
1701,91,NA
1702,91,NA
1703,90,NA
1704,92,NA
1705,92,NA
1706,91,NA
1707,93,NA
1708,92,NA
1709,93,NA
1710,93,NA
1711,92,NA
1712,91,NA
1713,93,NA
1714,93,NA
1715,91,7
1716,92,NA
1717,90,NA
1718,91,NA
1719,91,NA
1720,90,NA
1721,92,7
1722,92,NA
1723,92,NA
1724,91,7
1725,93,NA
1726,93,NA
1727,92,NA
1728,93,NA
1729,90,NA
1730,93,NA
1731,92,NA
1732,92,NA
1733,91,NA
1734,92,7
1735,90,NA
1736,93,NA
1737,92,NA
1738,94,NA
1739,92,NA
1740,90,NA
1741,94,NA
1742,91,NA
1743,90,NA
1744,92,NA
1745,90,NA
1746,91,NA
1747,91,7
1748,90,7
1749,93,NA
1750,92,NA
1751,93,NA
1752,93,NA
1753,92,NA
1754,92,NA
1755,92,NA
1756,92,NA
1757,91,7
1758,90,NA
1759,91,NA
1760,93,NA
1761,90,NA
1762,93,7
1763,92,NA
1764,94,NA
1765,94,NA
1766,93,NA
1767,91,7
1768,91,NA
1769,93,NA
1770,92,NA
1771,93,NA
1772,93,NA
1773,94,NA
1774,92,NA
1775,93,NA
1776,90,NA
1777,93,NA
1778,94,NA
1779,92,NA
1780,93,NA
1781,93,NA
1782,92,NA
1783,93,7
1784,94,NA
1785,91,7
1786,94,NA
1787,92,NA
1788,92,NA
1789,93,NA
1790,92,7
1791,95,NA
1792,96,NA
1793,96,NA
1794,95,NA
1795,97,NA
1796,97,NA
1797,97,NA
1798,97,NA
1799,98,NA
1800,97,NA
1801,95,NA
1802,98,NA
1803,97,NA
1804,95,NA
1805,98,NA
1806,96,NA
1807,97,NA
1808,99,NA
1809,96,NA
1810,98,NA
1811,96,NA
1812,96,NA
1813,98,NA
1814,98,NA
1815,97,NA
1816,96,7
1817,97,NA
1818,96,NA
1819,95,NA
1820,97,NA
1821,97,NA
1822,97,NA
1823,99,NA
1824,97,NA
1825,96,NA
1826,97,NA
1827,98,NA
1828,96,NA
1829,96,NA
1830,96,NA
1831,97,NA
1832,97,7
1833,98,NA
1834,97,NA
1835,98,NA
1836,96,NA
1837,96,NA
1838,97,NA
1839,96,NA
1840,98,NA
1841,98,NA
1842,99,7
1843,98,NA
1844,96,NA
1845,98,NA
1846,96,7
1847,98,NA
1848,97,NA
1849,97,NA
1850,96,NA
1851,95,NA
1852,97,NA
1853,96,NA
1854,97,NA
1855,96,NA
1856,97,NA
1857,96,NA
1858,96,NA
1859,95,NA
1860,99,NA
1861,97,NA
1862,97,NA
1863,95,NA
1864,97,NA
1865,98,NA
1866,99,NA
1867,95,7
1868,97,NA
1869,97,NA
1870,97,NA
1871,99,NA
1872,98,NA
1873,98,NA
1874,98,NA
1875,95,NA
1876,98,7
1877,97,NA
1878,97,NA
1879,96,NA
1880,98,NA
1881,99,NA
1882,96,NA
1883,96,NA
1884,97,NA
1885,98,NA
1886,95,NA
1887,98,NA
1888,96,7
1889,95,NA
1890,97,NA
1891,95,NA
1892,97,NA
1893,97,NA
1894,95,7
1895,97,NA
1896,98,NA
1897,95,NA
1898,96,NA
1899,97,NA
1900,97,NA
1901,97,NA
1902,95,NA
1903,98,NA
1904,97,NA
1905,99,NA
1906,98,NA
1907,95,NA
1908,98,NA
1909,97,NA
1910,96,NA
1911,95,NA
1912,97,NA
1913,97,NA
1914,97,NA
1915,96,7
1916,98,NA
1917,99,NA
1918,98,NA
1919,96,NA
1920,99,NA
1921,99,7
1922,96,NA
1923,97,NA
1924,95,NA
1925,96,NA
1926,96,NA
1927,95,NA
1928,99,NA
1929,97,7
1930,98,NA
1931,97,NA
1932,99,NA
1933,95,NA
1934,99,NA
1935,99,NA
1936,98,NA
1937,97,NA
1938,97,NA
1939,97,NA
1940,96,NA
1941,96,NA
1942,98,7
1943,98,NA
1944,96,NA
1945,95,NA
1946,97,NA
1947,96,NA
1948,95,NA
1949,98,NA
1950,96,NA
1951,96,NA
1952,96,NA
1953,100,NA
1954,103,NA
1955,101,NA
1956,102,NA
1957,103,7
1958,104,NA
1959,103,7
1960,104,NA
1961,103,NA
1962,100,NA
1963,101,NA
1964,102,NA
1965,103,NA
1966,101,NA
1967,103,NA
1968,102,NA
1969,102,NA
1970,102,7
1971,100,NA
1972,104,NA
1973,101,NA
1974,103,NA
1975,103,NA
1976,102,NA
1977,103,7
1978,102,NA
1979,100,NA
1980,103,NA
1981,101,NA
1982,103,NA
1983,101,NA
1984,102,NA
1985,103,NA
1986,102,NA
1987,103,NA
1988,104,NA
1989,101,NA
1990,103,7
1991,104,NA
1992,103,NA
1993,103,NA
1994,104,NA
1995,101,NA
1996,103,NA
1997,104,NA
1998,104,NA
1999,102,NA
2000,101,NA
2001,101,NA
2002,102,NA
2003,104,NA
2004,102,NA
2005,103,NA
2006,103,7
2007,104,NA
2008,102,NA
2009,100,NA
2010,103,NA
2011,103,NA
2012,103,NA
2013,101,NA
2014,101,NA
2015,102,NA
2016,101,7
2017,102,NA
2018,102,NA
2019,101,NA
2020,101,NA
2021,102,NA
2022,102,NA
2023,102,NA
2024,101,NA
2025,100,NA
2026,103,NA
2027,103,NA
2028,101,NA
2029,104,NA
2030,101,NA
2031,104,NA
2032,102,7
2033,102,NA
2034,102,NA
2035,101,NA
2036,103,NA
2037,100,7
2038,102,NA
2039,103,NA
2040,102,NA
2041,101,NA
2042,102,NA
2043,103,7
2044,103,NA
2045,104,NA
2046,100,NA
2047,100,NA
2048,102,NA
2049,101,NA
2050,102,NA
2051,103,NA
2052,103,NA
2053,103,NA
2054,101,NA
2055,106,NA
2056,107,7
2057,109,NA
2058,108,NA
2059,106,NA
2060,109,NA
2061,108,NA
2062,106,NA
2063,107,NA
2064,109,NA
2065,105,NA
2066,107,NA
2067,107,NA
2068,108,NA
2069,108,NA
2070,105,NA
2071,106,NA
2072,107,NA
2073,107,NA
2074,106,NA
2075,108,NA
2076,108,NA
2077,108,NA
2078,109,NA
2079,108,7
2080,108,NA
2081,113,NA
2082,111,7
2083,113,NA
2084,85,NA
2085,91,NA
2086,93,8
2087,93,NA
2088,93,NA
2089,92,NA
2090,90,NA
2091,91,NA
2092,93,8
2093,91,NA
2094,91,NA
2095,95,NA
2096,97,NA
2097,98,NA
2098,97,NA
2099,95,NA
2100,96,8
2101,97,NA
2102,95,NA
2103,95,NA
2104,97,NA
2105,97,NA
2106,99,NA
2107,95,NA
2108,99,8
2109,98,NA
2110,98,NA
2111,98,8
2112,97,NA
2113,95,NA
2114,97,NA
2115,98,NA
2116,95,NA
2117,99,NA
2118,96,NA
2119,96,NA
2120,98,NA
2121,95,NA
2122,98,NA
2123,96,NA
2124,98,NA
2125,96,NA
2126,97,NA
2127,95,NA
2128,96,NA
2129,98,NA
2130,97,NA
2131,98,NA
2132,98,NA
2133,101,NA
2134,100,NA
2135,101,NA
2136,102,NA
2137,100,NA
2138,101,NA
2139,103,NA
2140,102,NA
2141,103,NA
2142,102,NA
2143,103,NA
2144,104,NA
2145,101,NA
2146,100,NA
2147,101,NA
2148,102,NA
2149,103,NA
2150,100,NA
2151,101,NA
2152,102,NA
2153,100,NA
2154,102,NA
2155,102,NA
2156,101,NA
2157,101,8
2158,101,8
2159,103,NA
2160,102,NA
2161,101,NA
2162,103,NA
2163,103,NA
2164,101,NA
2165,102,NA
2166,102,NA
2167,100,NA
2168,102,NA
2169,104,NA
2170,101,NA
2171,104,NA
2172,103,NA
2173,101,NA
2174,103,NA
2175,101,NA
2176,102,NA
2177,103,NA
2178,100,NA
2179,102,NA
2180,101,NA
2181,103,NA
2182,103,NA
2183,104,NA
2184,103,NA
2185,100,8
2186,101,NA
2187,103,NA
2188,104,NA
2189,104,NA
2190,101,NA
2191,103,NA
2192,104,NA
2193,100,NA
2194,108,NA
2195,107,NA
2196,105,NA
2197,107,NA
2198,107,NA
2199,106,NA
2200,108,NA
2201,107,NA
2202,106,NA
2203,108,NA
2204,109,NA
2205,105,NA
2206,109,NA
2207,106,NA
2208,109,NA
2209,107,NA
2210,107,8
2211,108,NA
2212,107,NA
2213,108,8
2214,107,NA
2215,106,NA
2216,108,NA
2217,106,NA
2218,109,NA
2219,107,NA
2220,108,NA
2221,107,NA
2222,107,NA
2223,107,NA
2224,106,NA
2225,108,8
2226,108,NA
2227,106,NA
2228,109,NA
2229,108,NA
2230,108,NA
2231,107,NA
2232,110,NA
2233,112,NA
2234,112,NA
2235,112,NA
2236,113,NA
2237,113,NA
2238,111,NA
2239,111,NA
2240,113,NA
2241,113,8
2242,117,NA
2243,90,NA
2244,91,NA
2245,93,NA
2246,92,NA
2247,91,NA
2248,97,NA
2249,99,NA
2250,98,NA
2251,97,NA
2252,98,NA
2253,96,NA
2254,98,NA
2255,97,NA
2256,99,NA
2257,98,NA
2258,95,NA
2259,96,NA
2260,99,NA
2261,95,NA
2262,98,NA
2263,97,NA
2264,97,NA
2265,99,NA
2266,98,NA
2267,103,NA
2268,103,NA
2269,103,NA
2270,102,NA
2271,104,NA
2272,102,NA
2273,101,NA
2274,103,9
2275,100,9
2276,103,NA
2277,102,NA
2278,103,NA
2279,102,NA
2280,103,NA
2281,102,NA
2282,101,NA
2283,104,9
2284,100,NA
2285,103,NA
2286,104,NA
2287,102,NA
2288,101,NA
2289,102,NA
2290,103,9
2291,100,NA
2292,102,9
2293,101,NA
2294,104,NA
2295,102,NA
2296,104,NA
2297,107,NA
2298,106,NA
2299,106,NA
2300,106,9
2301,108,NA
2302,105,NA
2303,109,NA
2304,107,NA
2305,105,NA
2306,109,NA
2307,106,NA
2308,106,NA
2309,105,NA
2310,108,NA
2311,107,NA
2312,108,NA
2313,105,NA
2314,107,NA
2315,108,NA
2316,114,NA
2317,113,NA
2318,111,NA
2319,110,9
2320,111,NA
2321,96,10
2322,96,NA
2323,95,NA
2324,100,NA
2325,103,NA
2326,102,NA
2327,102,NA
2328,102,NA
2329,103,NA
2330,103,NA
2331,103,NA
2332,101,NA
2333,103,NA
2334,102,NA
2335,109,NA
2336,106,NA
2337,108,NA
2338,106,NA
2339,107,NA
2340,107,NA
2341,106,NA
2342,105,NA
2343,108,NA
2344,109,NA
2345,108,NA
2346,107,NA
2347,107,NA
2348,107,NA
2349,109,NA
2350,108,NA
2351,107,10
2352,105,NA
2353,111,NA
2354,110,NA
2355,112,10
2356,113,NA
2357,112,NA
2358,110,NA
2359,111,NA
2360,112,NA
2361,111,NA
2362,112,NA
2363,111,NA
2364,117,NA
2365,119,10
2366,116,10
2367,101,NA
2368,105,NA
2369,113,11
